{
  "A": 1,
  "B": 3.700000047683716,
  "C": "this is my hat",
  "D": 9898,
  "E": [
    1,
    2.3,
    3.7
  ],
  "F": [
    {
      "A": 1,
      "B": "one"
    },
    {
      "A": 2,
      "B": "two"
    },
    {
      "A": 3,
      "B": ""
    }
  ],
  "G": [
    [
      1,
      2
    ],
    [
      3,
      4
    ]
  ],
  "H": [
    [
      1,
      2
    ],
    [
      3,
      4
    ]
  ],
  "I": 7,
  "J": [
    {
      "key": {
        "A": 9,
        "B": 4
      },
      "value": "nine"
    }
  ],
  "K": "\u0000\u0001\u0002\u0003",
  "L": [
    {
      "key": 3.140000104904175,
      "value": 13.369999885559082
    },
    {
      "key": 12.300000190734863,
      "value": -9902
    }
  ],
  "N": "1970-03-15T00:00:00.1337Z",
  "elephant": true
}
